content_id|title|type|genre|year|actors|director|tags
C001|컨택트|영화|SF/드라마|2016|에이미 아담스|드니 빌뇌브|해석,SF,세계관,여운,결말
C002|테넷|영화|SF/액션|2020|존 데이비드 워싱턴|크리스토퍼 놀란|해석,SF,시간,세계관,결말
C003|인터스텔라|영화|SF/드라마|2014|매튜 맥커너히|크리스토퍼 놀란|SF,우주,가족,해석,세계관
C004|셔터 아일랜드|영화|스릴러/미스터리|2010|레오나르도 디카프리오|마틴 스코세이지|반전,결말,해석,스릴러
C005|프레스티지|영화|스릴러/드라마|2006|휴 잭맨|크리스토퍼 놀란|반전,집착,결말,해석
C006|기생충|영화|드라마/스릴러|2019|송강호/이선균|봉준호|해석,계급,봉준호,블랙코미디
C007|설국열차|영화|SF/액션|2013|송강호/크리스 에반스|봉준호|SF,봉준호,계급,세계관
C008|곡성|영화|공포/스릴러|2016|곽도원/황정민|나홍진|공포,결말,해석,소름,미스터리
C009|사바하|영화|미스터리/스릴러|2019|이정재/박정민|장재현|미스터리,종교,해석,스릴러
C010|검은 사제들|영화|오컬트/스릴러|2015|김윤석/강동원|장재현|오컬트,공포,스릴러,퇴마
C011|파묘|영화|오컬트/미스터리|2024|최민식/김고은|장재현|오컬트,공포,풍수,미스터리
C012|장화 홍련|영화|공포/드라마|2003|임수정/문근영|김지운|공포,심리,반전,가족
C013|겟 아웃|영화|공포/스릴러|2017|다니엘 칼루야|조던 필|공포,반전,사회풍자,스릴러
C014|미드소마|영화|공포/드라마|2019|플로렌스 퓨|아리 애스터|공포,기괴함,해석,컬트
C015|유전|영화|공포/드라마|2018|토니 콜렛|아리 애스터|공포,가족,소름,오컬트
C016|나를 찾아줘|영화|스릴러/미스터리|2014|벤 애플렉/로자먼드 파이크|데이비드 핀처|반전,스릴러,결혼,심리
C017|올드보이|영화|스릴러/액션|2003|최민식/유지태|박찬욱|복수,반전,충격,명작
C018|버닝|영화|미스터리/드라마|2018|유아인/스티븐 연|이창동|해석,미스터리,여운,문학
C019|리틀 포레스트|영화|드라마|2018|김태리|임순례|힐링,음식,시골,감성
C020|어바웃 타임|영화|로맨스/판타지|2013|돔놀 글리슨/레이첼 맥아담스|리처드 커티스|로맨스,가족,시간,감성
C021|라라랜드|영화|뮤지컬/로맨스|2016|라이언 고슬링/엠마 스톤|데이미언 셔젤|로맨스,음악,꿈,감성
C022|원스|영화|음악/로맨스|2007|글렌 핸사드|존 카니|음악,감성,로맨스,여운
C023|그녀|영화|SF/로맨스|2013|호아킨 피닉스|스파이크 존즈|외로움,SF,로맨스,감성
C024|미드나잇 인 파리|영화|로맨스/판타지|2011|오언 윌슨|우디 앨런|파리,감성,로맨스,여행
C025|나의 아저씨|드라마|드라마|2018|이선균/이지은|김원석|인생드라마,위로,감성,눈물
C026|미생|드라마|드라마|2014|임시완/이성민|김원석|직장,인생,공감,성장
C027|나의 해방일지|드라마|드라마|2022|김지원/손석구|김석윤|외로움,해방,감성,인생드라마
C028|우리들의 블루스|드라마|드라마|2022|이병헌/신민아|김규태|가족,인생,제주,감성
C029|동백꽃 필 무렵|드라마|로맨스/드라마|2019|공효진/강하늘|차영훈|로맨스,동네,감동,휴먼
C030|이번 생은 처음이라|드라마|로맨스/드라마|2017|정소민/이민기|박준화|로코,동거,계약,설렘
C031|김비서가 왜 그럴까|드라마|로맨스/코미디|2018|박서준/박민영|박준화|로코,케미,설렘,오피스
C032|또 오해영|드라마|로맨스/코미디|2016|서현진/에릭|송현욱|로코,오해,감성,케미
C033|눈이 부시게|드라마|드라마/판타지|2019|김혜자/한지민|김석윤|눈물,가족,인생,반전
C034|런닝맨|예능|버라이어티|2010|유재석/김종국||예능,웃음,레전드,클립,쇼츠
C035|나 혼자 산다|예능|관찰예능|2013|전현무/박나래||예능,일상,혼자,웃음
C036|유 퀴즈 온 더 블럭|예능|토크/교양|2018|유재석/조세호||토크,인물,감동,인터뷰
C037|놀면 뭐하니|예능|버라이어티|2019|유재석||예능,웃음,음악,프로젝트
C038|전지적 참견 시점|예능|관찰예능|2018|전현무/송은이||예능,일상,매니저,웃음
C039|아는 형님|예능|토크/버라이어티|2015|강호동/이수근||예능,토크,웃음,게스트
C040|라디오스타|예능|토크쇼|2007|김국진/김구라||토크,예능,게스트,입담
C041|신서유기|예능|버라이어티|2015|강호동/이수근||예능,여행,게임,웃음
C042|대탈출|예능|어드벤처/추리|2018|강호동/김종민||추리,예능,탈출,몰입
C043|식스센스|예능|미스터리/버라이어티|2020|유재석/오나라||예능,추리,반전,웃음
C044|흑백요리사|예능|요리/경쟁|2024|백종원/안성재||요리,셰프,경쟁,먹방
C045|최강야구|예능|스포츠/예능|2022|김성근||야구,스포츠,예능,몰입
C046|백종원의 골목식당|예능|요리/관찰|2018|백종원||요리,식당,먹방,현실
C047|코코|영화|애니/가족|2017||리 언크리치|가족,애니,음악,감동
C048|인사이드 아웃|영화|애니/가족|2015||피트 닥터|가족,감정,애니,성장
C049|소울|영화|애니/가족|2020||피트 닥터|인생,음악,애니,감동
C050|주토피아|영화|애니/가족|2016||바이런 하워드|애니,가족,모험,웃음
C051|패딩턴|영화|가족/코미디|2014||폴 킹|가족,힐링,코미디,동화,편안함
C052|슈퍼배드|영화|애니/코미디|2010||피에르 코팽|애니,웃음,가족,미니언,코미디
C053|마이펫의 이중생활|영화|애니/코미디|2016||크리스 리노드|애니,동물,가족,웃음,키즈
C054|해리포터와 마법사의 돌|영화|판타지/가족|2001|다니엘 래드클리프|크리스 콜럼버스|판타지,가족,세계관,정주행,마법
C055|해리포터와 비밀의 방|영화|판타지/가족|2002|다니엘 래드클리프|크리스 콜럼버스|판타지,가족,세계관,정주행,마법
C056|매트릭스|영화|SF/액션|1999|키아누 리브스|워쇼스키|SF,세계관,액션,해석,명작
C057|블레이드 러너 2049|영화|SF/드라마|2017|라이언 고슬링|드니 빌뇌브|SF,미래,세계관,여운,영상미
C058|마션|영화|SF/드라마|2015|맷 데이먼|리들리 스콧|SF,우주,생존,희망,원작
C059|그래비티|영화|SF/스릴러|2013|산드라 블록|알폰소 쿠아론|SF,우주,생존,몰입,영상미
C060|인셉션|영화|SF/액션|2010|레오나르도 디카프리오|크리스토퍼 놀란|SF,해석,꿈,세계관,반전
C061|다크 나이트|영화|액션/범죄|2008|크리스찬 베일|크리스토퍼 놀란|액션,범죄,히어로,명작,빌런
C062|범죄도시|영화|범죄/액션|2017|마동석|강윤성|액션,범죄,통쾌함,추격,사이다
C063|범죄도시2|영화|범죄/액션|2022|마동석|이상용|액션,범죄,통쾌함,빌런,사이다
C064|베테랑|영화|범죄/액션|2015|황정민/유아인|류승완|액션,범죄,통쾌함,사회풍자,사이다
C065|아저씨|영화|액션/드라마|2010|원빈|이정범|액션,복수,감성,통쾌함,추격
C066|신세계|영화|범죄/느와르|2013|이정재/황정민|박훈정|범죄,느와르,배신,명작,악역
C067|내부자들|영화|범죄/드라마|2015|이병헌/조승우|우민호|범죄,정치,통쾌함,명대사,사이다
C068|추격자|영화|스릴러/범죄|2008|김윤석/하정우|나홍진|범죄,스릴러,추격,긴장,수사
C069|살인의 추억|영화|범죄/드라마|2003|송강호/김상경|봉준호|범죄,미스터리,봉준호,명작,실화
C070|아가씨|영화|드라마/스릴러|2016|김민희/김태리|박찬욱|반전,관계성,미장센,해석,영상미
C071|헤어질 결심|영화|로맨스/미스터리|2022|박해일/탕웨이|박찬욱|로맨스,미스터리,여운,해석,대사
C072|공동경비구역 JSA|영화|드라마/스릴러|2000|송강호/이병헌|박찬욱|우정,비밀,분단,명작,여운
C073|친절한 금자씨|영화|스릴러/드라마|2005|이영애|박찬욱|복수,미장센,여성서사,강렬함,명작
C074|밀양|영화|드라마|2007|전도연/송강호|이창동|감정,상실,연기,여운,명작
C075|박하사탕|영화|드라마|1999|설경구|이창동|인생,상실,여운,명작,감정
C076|시|영화|드라마|2010|윤정희|이창동|문학,여운,인생,명작,감성
C077|변호인|영화|드라마|2013|송강호|양우석|실화,법정,감동,사회,명대사
C078|택시운전사|영화|드라마|2017|송강호|장훈|실화,역사,감동,휴먼,명작
C079|1987|영화|드라마|2017|김윤석/하정우|장준환|실화,역사,사회,감동,군상극
C080|국제시장|영화|드라마|2014|황정민|윤제균|가족,부모,세대,감동,휴먼
C081|7번방의 선물|영화|드라마/코미디|2013|류승룡|이환경|가족,눈물,감동,휴먼,부녀
C082|수상한 그녀|영화|코미디/드라마|2014|심은경|황동혁|가족,코미디,음악,세대,감동
C083|써니|영화|드라마/코미디|2011|유호정/심은경|강형철|우정,추억,코미디,여성,감성
C084|과속스캔들|영화|코미디/가족|2008|차태현/박보영|강형철|가족,코미디,음악,웃음,감동
C085|엑시트|영화|재난/코미디|2019|조정석/임윤아|이상근|재난,코미디,액션,통쾌함,가족
C086|극한직업|영화|코미디/범죄|2019|류승룡/이하늬|이병헌|코미디,범죄,웃음,치킨,통쾌함
C087|완벽한 타인|영화|코미디/드라마|2018|유해진/조진웅|이재규|비밀,관계,코미디,반전,대화
C088|럭키|영화|코미디/액션|2016|유해진|이계벽|코미디,착각,액션,웃음,가벼움
C089|스물|영화|코미디/청춘|2015|김우빈/강하늘|이병헌|청춘,코미디,우정,웃음,가벼움
C090|엽기적인 그녀|영화|로맨스/코미디|2001|전지현/차태현|곽재용|로맨스,코미디,추억,첫사랑,명작
C091|건축학개론|영화|로맨스/드라마|2012|엄태웅/한가인|이용주|첫사랑,추억,로맨스,감성,여운
C092|너의 결혼식|영화|로맨스/드라마|2018|박보영/김영광|이석근|첫사랑,연애,이별,청춘,감성
C093|클래식|영화|로맨스/드라마|2003|손예진/조승우|곽재용|첫사랑,감성,추억,로맨스,여운
C094|지금 만나러 갑니다|영화|로맨스/판타지|2018|소지섭/손예진|이장훈|로맨스,가족,눈물,판타지,감성
C095|뷰티 인사이드|영화|로맨스/판타지|2015|한효주|백종열|로맨스,판타지,감성,설렘,관계
C096|가장 보통의 연애|영화|로맨스/코미디|2019|김래원/공효진|김한결|현실연애,로맨스,이별,공감,코미디
C097|연애의 온도|영화|로맨스/드라마|2013|이민기/김민희|노덕|현실연애,이별,감정,공감,로맨스
C098|내 아내의 모든 것|영화|로맨스/코미디|2012|임수정/이선균|민규동|부부,코미디,로맨스,관계,현실
C099|완득이|영화|드라마/코미디|2011|유아인/김윤석|이한|성장,가족,학교,휴먼,감동
C100|우아한 거짓말|영화|드라마|2014|김희애/고아성|이한|가족,학교,상처,눈물,감동
C101|벌새|영화|드라마|2018|박지후|김보라|성장,청춘,가족,감성,여운
C102|우리들|영화|드라마|2016|최수인|윤가은|아이,우정,성장,학교,감성
C103|소공녀|영화|드라마|2017|이솜|전고운|청춘,가난,독립,감성,현실
C104|찬실이는 복도 많지|영화|드라마/코미디|2019|강말금|김초희|여성,인생,코미디,위로,감성
C105|윤희에게|영화|드라마/로맨스|2019|김희애|임대형|겨울,편지,사랑,여운,감성
C106|남매의 여름밤|영화|드라마|2019|최정운|윤단비|가족,여름,감성,일상,여운
C107|벌거벗은 세계사|예능|교양/역사|2020|은지원/규현||교양,역사,지식,가족,토크
C108|알쓸신잡|예능|교양/토크|2017|유희열/유시민||교양,여행,지식,토크,힐링
C109|알쓸범잡|예능|교양/범죄|2021|윤종신/장항준||범죄,교양,사건,토크,지식
C110|꼬리에 꼬리를 무는 그날 이야기|예능|교양/사건|2020|장도연/장성규||실화,사건,역사,이야기,몰입
C111|그것이 알고 싶다|시사교양|탐사/사건|1992||SBS|사건,범죄,실화,탐사,미스터리
C112|궁금한 이야기 Y|시사교양|탐사/사건|2009||SBS|사건,실화,탐사,사회,미스터리
C113|실화탐사대|시사교양|탐사/사건|2018||MBC|실화,사건,사회,범죄,탐사
C114|인간극장|시사교양|휴먼다큐|2000||KBS|휴먼,가족,인생,감동,일상
C115|다큐멘터리 3일|시사교양|다큐멘터리|2007||KBS|다큐,사람,일상,휴먼,감동
C116|한국기행|시사교양|다큐/여행|2009||EBS|여행,자연,힐링,풍경,일상
C117|세계테마기행|시사교양|다큐/여행|2008||EBS|여행,해외,풍경,힐링,다큐
C118|집사부일체|예능|버라이어티/토크|2017|이승기/양세형||예능,인물,토크,배움,게스트
C119|1박 2일|예능|여행/버라이어티|2007|김종민||여행,예능,게임,가족,웃음
C120|불후의 명곡|예능|음악/경연|2011|신동엽||음악,무대,가수,경연,가족
C121|복면가왕|예능|음악/추리|2015|김성주||음악,가수,무대,추리,예능
C122|미운 우리 새끼|예능|관찰예능|2016|신동엽/서장훈||예능,가족,관찰,엄마,웃음
C123|동상이몽2|예능|관찰예능|2017|김구라/서장훈||부부,가족,관찰,공감,예능
C124|슈퍼맨이 돌아왔다|예능|육아/관찰|2013||KBS|육아,가족,아이,관찰,키즈
C125|아빠 어디가|예능|가족/여행|2013||MBC|가족,아이,여행,추억,예능
C126|전원일기|드라마|가족/농촌|1980|최불암/김혜자||가족,부모,세대,휴먼,어른
C127|응답하라 1988|드라마|가족/청춘|2015|혜리/박보검|신원호|가족,청춘,추억,첫사랑,감동
C128|응답하라 1994|드라마|청춘/로맨스|2013|고아라/정우|신원호|청춘,추억,로맨스,우정,감성
C129|응답하라 1997|드라마|청춘/로맨스|2012|정은지/서인국|신원호|청춘,첫사랑,추억,아이돌,감성
C130|슬기로운 의사생활|드라마|휴먼/의학|2020|조정석/유연석|신원호|친구,휴먼,음악,의사,감동
C131|슬기로운 감빵생활|드라마|휴먼/블랙코미디|2017|박해수/정경호|신원호|휴먼,우정,감옥,코미디,감동
C132|시그널|드라마|범죄/스릴러|2016|이제훈/김혜수|김원석|수사,범죄,미스터리,시간,몰입
C133|비밀의 숲|드라마|범죄/스릴러|2017|조승우/배두나|안길호|수사,검찰,범죄,미스터리,몰입
C134|라이프 온 마스|드라마|수사/판타지|2018|정경호/박성웅|이정효|수사,시간,범죄,판타지,몰입
C135|터널|드라마|수사/스릴러|2017|최진혁/윤현민|신용휘|수사,시간,범죄,미스터리,스릴러
C136|보이스|드라마|범죄/스릴러|2017|장혁/이하나||범죄,수사,스릴러,긴장,추격
C137|괴물|드라마|범죄/스릴러|2021|신하균/여진구|심나연|범죄,심리,수사,미스터리,연기
C138|악의 마음을 읽는 자들|드라마|범죄/수사|2022|김남길|박보람|프로파일러,범죄,심리,수사,실화
C139|모범택시|드라마|액션/범죄|2021|이제훈|박준우|복수,사이다,액션,범죄,통쾌함
C140|펜트하우스|드라마|막장/스릴러|2020|김소연/이지아|주동민|재벌,복수,욕망,상류층,자극
C141|부부의 세계|드라마|멜로/복수|2020|김희애/박해준|모완일|부부,불륜,복수,현실,긴장
C142|SKY 캐슬|드라마|블랙코미디/가족|2018|염정아/정준호|조현탁|입시,가족,상류층,욕망,풍자
C143|재벌집 막내아들|드라마|판타지/복수|2022|송중기/이성민|정대윤|재벌,복수,판타지,회귀,사이다
C144|이태원 클라쓰|드라마|청춘/복수|2020|박서준/김다미|김성윤|청춘,복수,웹툰,성장,사이다
C145|쌈 마이웨이|드라마|로맨스/청춘|2017|박서준/김지원|이나정|청춘,로맨스,친구,성장,설렘
C146|로맨스는 별책부록|드라마|로맨스/오피스|2019|이종석/이나영|이정효|로맨스,오피스,책,감성,설렘
C147|검색어를 입력하세요 WWW|드라마|오피스/로맨스|2019|임수정/장기용|정지현|오피스,여성,로맨스,커리어,성장
C148|멜로가 체질|드라마|로맨스/코미디|2019|천우희/전여빈|이병헌|로코,대사,청춘,공감,감성
C149|갯마을 차차차|드라마|로맨스/힐링|2021|신민아/김선호|유제원|로맨스,힐링,바닷마을,동네,설렘
C150|사랑의 불시착|드라마|로맨스/코미디|2019|현빈/손예진|이정효|로맨스,운명,코미디,설렘,화제작
C151|열혈사제|드라마|범죄/코미디|2019|||신부,범죄,수사,코미디,액션,사이다
C152|천원짜리 변호사|드라마|법정/코미디|2022|||변호사,법정,코미디,사이다,약자,정의
C153|스토브리그|드라마|오피스/휴먼|2019|||직장,리더십,팀워크,성장,사이다,야구
C154|낭만닥터 김사부|드라마|의학/휴먼|2016|||의사,병원,스승,성장,휴먼,감동
C155|닥터스|드라마|의학/로맨스|2016|||의사,병원,성장,로맨스,상처,치유
C156|굿 닥터|드라마|의학/휴먼|2013|||의사,성장,병원,휴먼,감동,편견
C157|하얀거탑|드라마|의학/정치|2007|||병원,권력,의사,야망,정치,명작
C158|이상한 변호사 우영우|드라마|법정/휴먼|2022|||변호사,법정,성장,직장,휴먼,로맨스
C159|굿파트너|드라마|법정/오피스|2024|||변호사,이혼,법정,직장,여성서사,현실
C160|우아한 친구들|드라마|미스터리/드라마|2020|||친구,중년,비밀,살인,부부,미스터리
C161|품위있는 그녀|드라마|재벌/미스터리|2017|||상류층,욕망,여성서사,비밀,재벌,미스터리
C162|내조의 여왕|드라마|코미디/가족|2009|||부부,직장,코미디,가족,성공,현실
C163|역전의 여왕|드라마|오피스/로맨스|2010|||직장,여성,로맨스,성장,코미디,재기
C164|직장의 신|드라마|오피스/코미디|2013|||직장,계약직,여성서사,코미디,공감,사이다
C165|김과장|드라마|오피스/코미디|2017|||직장,회계,비리,코미디,사이다,성장
C166|검사내전|드라마|법정/오피스|2019|||검사,직장,일상,법정,공감,휴먼
C167|이판사판|드라마|법정/로맨스|2017|||판사,법정,수사,로맨스,정의,성장
C168|귓속말|드라마|법정/스릴러|2017|||법조계,권력,복수,비리,스릴러,정의
C169|피고인|드라마|법정/스릴러|2017|||검사,누명,기억상실,복수,탈옥,긴장
C170|너의 목소리가 들려|드라마|법정/판타지|2013|||변호사,초능력,법정,로맨스,복수,성장
C171|수상한 파트너|드라마|법정/로맨스|2017|||검사,변호사,살인,로맨스,코미디,수사
C172|로스쿨|드라마|법정/미스터리|2021|||로스쿨,법정,학생,살인,추리,정의
C173|군검사 도베르만|드라마|법정/액션|2022|||군대,검사,복수,법정,액션,사이다
C174|악의 꽃|드라마|미스터리/로맨스|2020|||부부,비밀,살인,형사,로맨스,반전
C175|동네변호사 조들호|드라마|법정/휴먼|2016|||변호사,법정,약자,정의,사이다,휴먼
C176|모범형사|드라마|범죄/수사|2020|||형사,수사,누명,정의,범죄,버디
C177|특별근로감독관 조장풍|드라마|코미디/사회|2019|||노동,직장,갑질,코미디,사이다,정의
C178|닥터 프리즈너|드라마|의학/복수|2019|||교도소,의사,복수,두뇌싸움,권력,사이다
C179|99억의 여자|드라마|범죄/스릴러|2019|||돈,욕망,범죄,배신,추적,스릴러
C180|왜 오수재인가|드라마|법정/미스터리|2022|||변호사,법정,복수,여성서사,권력,미스터리
C181|쌈 마이웨이|드라마|청춘/로맨스|2017|||청춘,친구,로맨스,성장,꿈,설렘
C182|청춘기록|드라마|청춘/로맨스|2020|||배우,모델,꿈,청춘,로맨스,성장
C183|역도요정 김복주|드라마|청춘/로맨스|2016|||대학생,청춘,로맨스,성장,우정,설렘
C184|학교 2013|드라마|학교/청춘|2012|||학교,교사,학생,우정,성장,현실
C185|후아유 학교 2015|드라마|학교/미스터리|2015|||학교,쌍둥이,비밀,첫사랑,성장,미스터리
C186|드림하이|드라마|학교/음악|2011|||아이돌,음악,학교,꿈,청춘,성장
C187|치즈인더트랩|드라마|청춘/로맨스|2016|||대학생,로맨스,심리,청춘,관계,웹툰
C188|내 아이디는 강남미인|드라마|청춘/로맨스|2018|||외모,대학생,로맨스,성장,편견,웹툰
C189|여신강림|드라마|청춘/로맨스|2020|||학교,외모,로맨스,첫사랑,코미디,웹툰
C190|에이틴|드라마|청춘/로맨스|2018|||학교,친구,첫사랑,청춘,성장,공감
C191|일타 스캔들|드라마|로맨스/코미디|2023|||학원,입시,로맨스,가족,코미디,미스터리
C192|사내맞선|드라마|로맨스/코미디|2022|||직장,맞선,재벌,로맨스,코미디,설렘
C193|그녀는 예뻤다|드라마|로맨스/코미디|2015|||첫사랑,직장,로맨스,코미디,변신,설렘
C195|질투의 화신|드라마|로맨스/코미디|2016|||방송국,삼각관계,로맨스,코미디,직장,케미
C196|사랑의 온도|드라마|로맨스/드라마|2017|||요리사,작가,로맨스,이별,재회,감성
C197|봄밤|드라마|로맨스/드라마|2019|||현실연애,약사,가족,로맨스,감성,잔잔함
C198|밥 잘 사주는 예쁜 누나|드라마|로맨스/드라마|2018|||연상연하,직장,가족,현실연애,감성,로맨스
C199|그 해 우리는|드라마|로맨스/청춘|2021|||재회,첫사랑,청춘,다큐,로맨스,감성
C200|런 온|드라마|로맨스/드라마|2020|||통역,육상,로맨스,대화,성장,감성
C201|어벤져스|영화|히어로/액션|2012|||히어로,팀워크,액션,외계인,마블,세계관
C202|어벤져스: 에이지 오브 울트론|영화|히어로/액션|2015|||히어로,AI,액션,팀워크,마블,세계관
C203|어벤져스: 인피니티 워|영화|히어로/액션|2018|||히어로,우주,액션,빌런,마블,세계관
C204|어벤져스: 엔드게임|영화|히어로/액션|2019|||히어로,시간여행,액션,희생,마블,감동
C205|아이언맨|영화|히어로/액션|2008|||히어로,천재,로봇,액션,성장,마블
C206|캡틴 아메리카: 윈터 솔져|영화|히어로/액션|2014|||히어로,첩보,음모,액션,우정,마블
C207|캡틴 아메리카: 시빌 워|영화|히어로/액션|2016|||히어로,갈등,우정,액션,팀워크,마블
C208|가디언즈 오브 갤럭시|영화|SF/액션|2014|||우주,히어로,음악,코미디,팀워크,마블
C209|토르: 라그나로크|영화|히어로/액션|2017|||신화,우주,히어로,코미디,액션,마블
C210|블랙 팬서|영화|히어로/액션|2018|||히어로,왕국,가족,액션,과학,마블
C211|스파이더맨: 홈커밍|영화|히어로/액션|2017|||히어로,학교,청춘,액션,성장,마블
C212|스파이더맨: 노 웨이 홈|영화|히어로/액션|2021|||히어로,멀티버스,액션,우정,희생,마블
C213|조커|영화|범죄/드라마|2019|||빌런,범죄,사회,심리,광기,연기
C214|더 배트맨|영화|히어로/범죄|2022|||히어로,탐정,범죄,느와르,복수,미스터리
C215|맨 오브 스틸|영화|히어로/액션|2013|||히어로,외계인,액션,가족,성장,DC
C216|원더 우먼|영화|히어로/액션|2017|||여성히어로,전쟁,액션,신화,로맨스,DC
C217|아쿠아맨|영화|히어로/판타지|2018|||바다,왕국,히어로,액션,가족,DC
C218|데드풀|영화|히어로/코미디|2016|||히어로,복수,액션,코미디,안티히어로,마블
C219|로건|영화|히어로/드라마|2017|||히어로,노년,가족,액션,희생,감동
C220|엑스맨: 데이즈 오브 퓨처 패스트|영화|히어로/SF|2014|||시간여행,히어로,초능력,액션,미래,팀워크
C221|아바타|영화|SF/모험|2009|||외계행성,모험,전쟁,자연,영상미,세계관
C222|아바타: 물의 길|영화|SF/모험|2022|||바다,가족,외계행성,모험,영상미,세계관
C223|듄|영화|SF/모험|2021|||우주,사막,예언,전쟁,정치,세계관
C224|듄: 파트 2|영화|SF/모험|2024|||우주,복수,전쟁,예언,정치,세계관
C225|스타워즈: 새로운 희망|영화|SF/모험|1977|||우주,반란,모험,영웅,전쟁,명작
C226|로그 원: 스타워즈 스토리|영화|SF/전쟁|2016|||우주,반란,전쟁,희생,첩보,세계관
C227|스타트렉: 더 비기닝|영화|SF/모험|2009|||우주,탐사,시간여행,우정,모험,세계관
C228|에이리언|영화|SF/공포|1979|||우주,괴물,생존,공포,여성서사,명작
C229|프로메테우스|영화|SF/미스터리|2012|||우주,외계인,기원,미스터리,공포,세계관
C230|엣지 오브 투모로우|영화|SF/액션|2014|||시간반복,외계인,전쟁,액션,성장,게임
C231|레디 플레이어 원|영화|SF/모험|2018|||가상현실,게임,모험,미래,우정,대중문화
C232|알리타: 배틀 엔젤|영화|SF/액션|2019|||사이보그,미래,액션,성장,로맨스,세계관
C233|혹성탈출: 진화의 시작|영화|SF/드라마|2011|||유인원,과학,반란,가족,성장,세계관
C234|월드워 Z|영화|재난/액션|2013|||좀비,재난,생존,가족,액션,추격
C235|투모로우|영화|재난/SF|2004|||기후,재난,생존,가족,과학,스케일
C236|2012|영화|재난/액션|2009|||종말,재난,생존,가족,탈출,스케일
C237|샌 안드레아스|영화|재난/액션|2015|||지진,재난,가족,구조,액션,생존
C238|타이타닉|영화|로맨스/재난|1997|||로맨스,재난,신분차이,희생,눈물,명작
C239|탑건: 매버릭|영화|액션/드라마|2022|||전투기,군인,도전,스승,액션,감동
C240|미션 임파서블: 폴아웃|영화|첩보/액션|2018|||첩보,액션,추격,스파이,팀워크,스턴트
C241|본 얼티메이텀|영화|첩보/액션|2007|||스파이,기억상실,추격,액션,음모,첩보
C242|007 스카이폴|영화|첩보/액션|2012|||스파이,첩보,액션,복수,과거,영국
C243|존 윅|영화|액션/범죄|2014|||복수,킬러,액션,범죄,총격,느와르
C244|매드맥스: 분노의 도로|영화|액션/SF|2015|||추격,사막,생존,액션,여성서사,디스토피아
C245|분노의 질주: 더 세븐|영화|액션/범죄|2015|||자동차,액션,가족,범죄,추격,팀워크
C246|글래디에이터|영화|액션/시대극|2000|||복수,검투사,전쟁,영웅,역사,명작
C247|트로이|영화|전쟁/시대극|2004|||전쟁,신화,영웅,사랑,복수,역사
C248|반지의 제왕: 반지 원정대|영화|판타지/모험|2001|||판타지,모험,우정,전쟁,마법,세계관
C249|반지의 제왕: 두 개의 탑|영화|판타지/모험|2002|||판타지,전쟁,우정,모험,마법,세계관
C250|반지의 제왕: 왕의 귀환|영화|판타지/모험|2003|||판타지,전쟁,영웅,우정,감동,세계관
C251|호빗: 뜻밖의 여정|영화|판타지/모험|2012|||판타지,모험,마법,용,세계관,우정
C252|해리 포터와 아즈카반의 죄수|영화|판타지/모험|2004|||마법,학교,시간여행,우정,판타지,세계관
C253|해리 포터와 불의 잔|영화|판타지/모험|2005|||마법,학교,경쟁,우정,판타지,세계관
C254|해리 포터와 불사조 기사단|영화|판타지/모험|2007|||마법,학교,저항,우정,판타지,성장
C255|신비한 동물사전|영화|판타지/모험|2016|||마법,동물,모험,판타지,뉴욕,세계관
C256|캐리비안의 해적: 블랙 펄의 저주|영화|판타지/모험|2003|||해적,모험,저주,액션,바다,코미디
C257|미이라|영화|판타지/모험|1999|||이집트,미라,저주,모험,액션,코미디
C258|쥬만지: 새로운 세계|영화|판타지/모험|2017|||게임,모험,코미디,정글,성장,팀워크
C259|나니아 연대기: 사자 마녀 그리고 옷장|영화|판타지/모험|2005|||판타지,마법,가족,모험,전쟁,세계관
C260|찰리와 초콜릿 공장|영화|판타지/가족|2005|||초콜릿,가족,판타지,동화,모험,상상력
C261|웡카|영화|판타지/뮤지컬|2023|||초콜릿,음악,꿈,판타지,가족,모험
C262|오펜하이머|영화|전기/드라마|2023|||과학자,원자폭탄,역사,전쟁,실화,전기
C263|바비|영화|코미디/판타지|2023|||여성,인형,판타지,사회풍자,코미디,성장
C264|에브리씽 에브리웨어 올 앳 원스|영화|SF/코미디|2022|||멀티버스,가족,액션,코미디,감동,여성서사
C265|포드 V 페라리|영화|드라마/전기|2019|||자동차,레이싱,실화,우정,도전,장인
C266|머니볼|영화|드라마/전기|2011|||야구,데이터,도전,실화,리더십,성장
C267|소셜 네트워크|영화|드라마/전기|2010|||창업,천재,우정,배신,실화,기업
C268|스티브 잡스|영화|드라마/전기|2015|||애플,창업,천재,가족,실화,기업
C269|이미테이션 게임|영화|드라마/전기|2014|||천재,암호,전쟁,실화,과학,비밀
C270|뷰티풀 마인드|영화|드라마/전기|2001|||천재,수학,사랑,정신건강,실화,감동
C271|킹스 스피치|영화|드라마/전기|2010|||왕실,연설,우정,실화,성장,역사
C272|위대한 쇼맨|영화|뮤지컬/드라마|2017|||음악,공연,꿈,가족,도전,뮤지컬
C273|보헤미안 랩소디|영화|음악/전기|2018|||퀸,음악,가수,공연,실화,감동
C274|로켓맨|영화|음악/전기|2019|||음악,가수,성공,중독,실화,성장
C275|엘비스|영화|음악/전기|2022|||가수,음악,공연,성공,실화,스타
C276|비긴 어게인|영화|음악/로맨스|2013|||음악,뉴욕,재기,사랑,감성,힐링
C277|싱 스트리트|영화|음악/청춘|2016|||밴드,음악,청춘,첫사랑,꿈,성장
C278|스타 이즈 본|영화|음악/로맨스|2018|||가수,음악,사랑,성공,상실,감성
C279|위플래쉬|영화|음악/드라마|2014|||드럼,음악,스승,집착,성장,긴장
C280|레미제라블|영화|뮤지컬/드라마|2012|||혁명,뮤지컬,사랑,희생,역사,음악
C281|맘마미아!|영화|뮤지컬/로맨스|2008|||음악,가족,결혼,여행,로맨스,뮤지컬
C282|노트북|영화|로맨스/드라마|2004|||첫사랑,재회,기억,로맨스,눈물,감성
C283|이터널 선샤인|영화|로맨스/SF|2004|||기억,이별,사랑,재회,감성,해석
C284|러브 액츄얼리|영화|로맨스/코미디|2003|||크리스마스,사랑,로맨스,가족,코미디,감성
C285|노팅 힐|영화|로맨스/코미디|1999|||스타,서점,로맨스,영국,코미디,명작
C286|500일의 썸머|영화|로맨스/드라마|2009|||이별,연애,기억,현실로맨스,감성,성장
C287|비포 선라이즈|영화|로맨스/드라마|1995|||여행,대화,로맨스,청춘,감성,인연
C288|플립|영화|로맨스/청춘|2010|||첫사랑,학교,청춘,가족,성장,감성
C289|내가 널 사랑할 수 없는 10가지 이유|영화|로맨스/코미디|1999|||학교,첫사랑,청춘,로맨스,코미디,추억
C290|귀여운 여인|영화|로맨스/코미디|1990|||로맨스,신분차이,코미디,변신,명작,감성
C291|악마는 프라다를 입는다|영화|코미디/드라마|2006|||패션,직장,성장,여성서사,상사,뉴욕
C292|인턴|영화|코미디/드라마|2015|||직장,세대,우정,성장,힐링,여성CEO
C293|월터의 상상은 현실이 된다|영화|모험/드라마|2013|||여행,직장,도전,상상,성장,힐링
C294|포레스트 검프|영화|드라마/코미디|1994|||인생,사랑,역사,성장,감동,명작
C295|트루먼 쇼|영화|드라마/코미디|1998|||방송,인생,자유,사회풍자,해석,명작
C296|쇼생크 탈출|영화|드라마|1994|||감옥,희망,우정,탈출,반전,명작
C297|죽은 시인의 사회|영화|드라마|1989|||학교,교사,청춘,꿈,자유,명작
C298|굿 윌 헌팅|영화|드라마|1997|||천재,상처,치유,우정,성장,명작
C299|그린 북|영화|드라마/코미디|2018|||우정,여행,인종,음악,실화,감동
C300|언터처블: 1%의 우정|영화|드라마/코미디|2011|||우정,장애,실화,코미디,힐링,감동
C301|라이언 일병 구하기|영화|전쟁/드라마|1998|||전쟁,군인,구조,희생,역사,명작
C302|덩케르크|영화|전쟁/드라마|2017|||전쟁,생존,구조,긴장,역사,영상미
C303|핵소 고지|영화|전쟁/드라마|2016|||전쟁,의무병,신념,실화,구조,감동
C304|퓨리|영화|전쟁/액션|2014|||전쟁,전차,군인,팀워크,생존,액션
C305|1917|영화|전쟁/드라마|2019|||전쟁,임무,군인,생존,영상미,긴장
C306|진주만|영화|전쟁/로맨스|2001|||전쟁,로맨스,우정,역사,비극,액션
C307|쉰들러 리스트|영화|역사/드라마|1993|||홀로코스트,전쟁,실화,역사,인간애,명작
C308|피아니스트|영화|전쟁/드라마|2002|||피아노,전쟁,생존,실화,음악,명작
C309|작전명 발키리|영화|전쟁/스릴러|2008|||암살,전쟁,실화,작전,정치,긴장
C310|아메리칸 스나이퍼|영화|전쟁/전기|2014|||저격수,전쟁,군인,실화,가족,트라우마
C311|센과 치히로의 행방불명|영화|애니/판타지|2001|||판타지,모험,성장,가족,마법,명작
C312|하울의 움직이는 성|영화|애니/판타지|2004|||마법,로맨스,전쟁,판타지,성장,감성
C313|이웃집 토토로|영화|애니/가족|1988|||가족,자연,판타지,아이,힐링,명작
C314|모노노케 히메|영화|애니/판타지|1997|||자연,전쟁,판타지,모험,환경,명작
C315|벼랑 위의 포뇨|영화|애니/가족|2008|||바다,가족,아이,판타지,모험,힐링
C316|마녀 배달부 키키|영화|애니/판타지|1989|||마법,성장,직업,우정,힐링,모험
C317|천공의 성 라퓨타|영화|애니/모험|1986|||모험,하늘,고대문명,우정,판타지,세계관
C318|바람계곡의 나우시카|영화|애니/SF|1984|||자연,환경,전쟁,공주,모험,세계관
C319|붉은 돼지|영화|애니/모험|1992|||비행기,전쟁,로맨스,모험,감성,성인
C320|귀를 기울이면|영화|애니/로맨스|1995|||첫사랑,꿈,성장,음악,청춘,감성
C321|너의 이름은.|영화|애니/로맨스|2016|||시간,운명,첫사랑,재난,감성,판타지
C322|날씨의 아이|영화|애니/로맨스|2019|||날씨,도쿄,로맨스,청춘,판타지,감성
C323|스즈메의 문단속|영화|애니/판타지|2022|||재난,여행,성장,문,판타지,감성
C324|시간을 달리는 소녀|영화|애니/로맨스|2006|||시간여행,학교,첫사랑,청춘,성장,감성
C325|썸머 워즈|영화|애니/SF|2009|||가족,가상현실,여름,전쟁,성장,감동
C326|늑대아이|영화|애니/가족|2012|||가족,엄마,성장,자연,판타지,눈물
C327|목소리의 형태|영화|애니/드라마|2016|||학교폭력,장애,사과,성장,청춘,감동
C328|피아노의 숲|영화|애니/음악|2007|||피아노,음악,우정,천재,성장,감동
C329|토이 스토리|영화|애니/가족|1995|||장난감,우정,모험,가족,성장,명작
C330|토이 스토리 3|영화|애니/가족|2010|||장난감,이별,우정,성장,가족,눈물
C331|업|영화|애니/모험|2009|||여행,노년,사랑,모험,가족,감동
C332|라따뚜이|영화|애니/가족|2007|||요리,파리,꿈,성장,가족,힐링
C333|월-E|영화|애니/SF|2008|||로봇,우주,환경,사랑,모험,감동
C334|니모를 찾아서|영화|애니/모험|2003|||바다,가족,모험,아버지,우정,성장
C335|몬스터 주식회사|영화|애니/코미디|2001|||괴물,아이,우정,코미디,가족,감동
C336|빅 히어로|영화|애니/히어로|2014|||로봇,가족,히어로,우정,성장,액션
C337|겨울왕국|영화|애니/뮤지컬|2013|||자매,마법,음악,가족,모험,성장
C338|모아나|영화|애니/모험|2016|||바다,모험,가족,신화,음악,성장
C339|엔칸토: 마법의 세계|영화|애니/뮤지컬|2021|||가족,마법,음악,성장,자매,감동
C340|드래곤 길들이기|영화|애니/모험|2010|||드래곤,우정,모험,성장,가족,판타지
C341|무한도전|예능|버라이어티|2005|||예능,도전,웃음,레전드,프로젝트,추억
C342|패밀리가 떴다|예능|버라이어티/여행|2008|||예능,시골,가족,게임,웃음,추억
C343|삼시세끼|예능|관찰/요리|2014|||요리,시골,힐링,여행,관찰,먹방
C344|꽃보다 할배|예능|여행/관찰|2013|||여행,노년,우정,해외,힐링,예능
C345|윤식당|예능|요리/관찰|2017|||해외,식당,요리,여행,힐링,관찰
C346|효리네 민박|예능|관찰/힐링|2017|||제주,민박,여행,힐링,음악,관찰
C347|어서와 한국은 처음이지|예능|여행/관찰|2017|||한국여행,외국인,문화,음식,관찰,예능
C348|도시어부|예능|낚시/버라이어티|2017|||낚시,바다,여행,경쟁,예능,웃음
C349|편스토랑|예능|요리/관찰|2019|||요리,레시피,가족,먹방,경연,예능
C350|구해줘 홈즈|예능|부동산/예능|2019|||집,부동산,인테리어,생활,예능,정보
C351|명량|영화|사극/전쟁|2014|||이순신,해전,역사,전쟁,영웅,실화
C352|한산: 용의 출현|영화|사극/전쟁|2022|||이순신,해전,전략,역사,전쟁,영웅
C353|노량: 죽음의 바다|영화|사극/전쟁|2023|||이순신,해전,전쟁,역사,희생,영웅
C354|광해 왕이 된 남자|영화|사극/드라마|2012|||왕,대역,정치,역사,휴먼,명대사
C355|관상|영화|사극/드라마|2013|||관상,왕권,역사,정치,운명,배신
C356|사도|영화|사극/드라마|2015|||영조,사도세자,가족,비극,역사,연기
C357|남한산성|영화|사극/드라마|2017|||병자호란,역사,정치,전쟁,신념,대화
C358|왕의 남자|영화|사극/드라마|2005|||연산군,광대,권력,비극,역사,예술
C359|최종병기 활|영화|사극/액션|2011|||활,추격,병자호란,액션,가족,구출
C360|군도: 민란의 시대|영화|사극/액션|2014|||의적,민란,복수,액션,백성,역사
C361|신과함께-죄와 벌|영화|판타지/드라마|2017|||저승,재판,가족,판타지,눈물,웹툰
C362|신과함께-인과 연|영화|판타지/드라마|2018|||저승,과거,가족,판타지,인연,웹툰
C363|부산행|영화|좀비/액션|2016|||좀비,기차,생존,가족,액션,재난
C364|반도|영화|좀비/액션|2020|||좀비,생존,액션,탈출,가족,재난
C365|괴물|영화|괴수/드라마|2006|||괴물,한강,가족,재난,사회풍자,봉준호
C366|감기|영화|재난/드라마|2013|||감염병,재난,생존,가족,의료,사회
C367|연가시|영화|재난/스릴러|2012|||감염,재난,가족,생존,과학,긴장
C368|판도라|영화|재난/드라마|2016|||원전,재난,가족,희생,사회,눈물
C369|백두산|영화|재난/액션|2019|||화산,재난,액션,남북,가족,탈출
C370|비상선언|영화|재난/스릴러|2022|||비행기,테러,재난,생존,가족,긴장
C371|콘크리트 유토피아|영화|재난/드라마|2023|||아파트,재난,생존,사회,욕망,인간성
C372|더 테러 라이브|영화|스릴러/재난|2013|||테러,방송,협상,언론,긴장,사회
C373|터널|영화|재난/드라마|2016|||붕괴,구조,생존,가족,사회풍자,휴먼
C374|하이재킹|영화|범죄/스릴러|2024|||비행기,납치,실화,협상,생존,긴장
C375|서울의 봄|영화|역사/드라마|2023|||군사반란,역사,권력,실화,긴장,정치
C376|남산의 부장들|영화|역사/드라마|2020|||정치,암살,실화,권력,역사,긴장
C377|공작|영화|첩보/드라마|2018|||간첩,남북,첩보,실화,정치,긴장
C378|암살|영화|시대극/액션|2015|||독립운동,암살,친일파,액션,역사,여성서사
C379|밀정|영화|시대극/첩보|2016|||독립운동,첩보,배신,역사,액션,긴장
C380|덕혜옹주|영화|역사/드라마|2016|||대한제국,옹주,일제강점기,실화,역사,눈물
C381|박열|영화|역사/드라마|2017|||독립운동,일본,재판,실화,역사,저항
C382|동주|영화|역사/드라마|2016|||윤동주,시인,독립운동,우정,실화,흑백
C383|아이 캔 스피크|영화|드라마/코미디|2017|||위안부,역사,영어,우정,감동,실화
C384|말모이|영화|역사/드라마|2019|||한글,사전,일제강점기,우정,역사,감동
C385|봉오동 전투|영화|전쟁/액션|2019|||독립군,전투,역사,액션,실화,승리
C386|모가디슈|영화|액션/드라마|2021|||소말리아,탈출,외교관,실화,액션,남북
C387|교섭|영화|스릴러/드라마|2023|||인질,협상,외교관,실화,아프가니스탄,긴장
C388|헌트|영화|첩보/액션|2022|||안기부,첩보,암살,액션,배신,반전
C389|베를린|영화|첩보/액션|2013|||간첩,베를린,액션,배신,남북,추격
C390|강철비|영화|액션/드라마|2017|||남북,쿠데타,전쟁,액션,정치,우정
C391|감시자들|영화|범죄/액션|2013|||감시,경찰,범죄,추적,액션,팀워크
C392|도둑들|영화|범죄/액션|2012|||도둑,카지노,범죄,배신,액션,팀워크
C393|타짜|영화|범죄/드라마|2006|||도박,화투,범죄,욕망,배신,명작
C394|범죄와의 전쟁: 나쁜놈들 전성시대|영화|범죄/느와르|2012|||조폭,검사,부산,범죄,권력,느와르
C395|부당거래|영화|범죄/스릴러|2010|||경찰,검찰,비리,범죄,사회,반전
C396|끝까지 간다|영화|범죄/스릴러|2014|||형사,시체,범죄,추격,반전,긴장
C397|악인전|영화|범죄/액션|2019|||조폭,형사,연쇄살인,액션,공조,추격
C398|다만 악에서 구하소서|영화|범죄/액션|2020|||킬러,복수,추격,액션,태국,구출
C399|독전|영화|범죄/액션|2018|||마약,경찰,범죄,잠입,반전,액션
C400|마약왕|영화|범죄/드라마|2018|||마약,범죄,욕망,부산,실화,몰락
C401|양들의 침묵|영화|범죄/스릴러|1991|||연쇄살인,프로파일러,심리,수사,긴장,명작
C402|세븐|영화|범죄/스릴러|1995|||연쇄살인,형사,수사,반전,범죄,명작
C403|조디악|영화|범죄/미스터리|2007|||연쇄살인,기자,수사,실화,미스터리,집착
C404|프리즈너스|영화|범죄/스릴러|2013|||실종,아이,수사,복수,심리,긴장
C405|시카리오: 암살자의 도시|영화|범죄/스릴러|2015|||마약,국경,작전,범죄,액션,긴장
C406|디파티드|영화|범죄/느와르|2006|||경찰,조직,잠입,배신,범죄,반전
C407|히트|영화|범죄/액션|1995|||강도,경찰,총격,범죄,추격,명작
C408|대부|영화|범죄/드라마|1972|||마피아,가족,권력,범죄,배신,명작
C409|좋은 친구들|영화|범죄/드라마|1990|||마피아,범죄,우정,욕망,실화,명작
C410|아이리시맨|영화|범죄/드라마|2019|||마피아,살인,노년,우정,실화,회고
C411|캐치 미 이프 유 캔|영화|범죄/드라마|2002|||사기,추격,실화,천재,가족,성장
C412|나이브스 아웃|영화|추리/미스터리|2019|||살인,가족,유산,탐정,반전,추리
C413|오리엔트 특급 살인|영화|추리/미스터리|2017|||기차,살인,탐정,용의자,추리,반전
C414|셔록 홈즈|영화|추리/액션|2009|||탐정,추리,액션,콤비,범죄,영국
C415|인비저블맨|영화|공포/스릴러|2020|||투명인간,스토킹,공포,심리,여성서사,긴장
C416|콰이어트 플레이스|영화|공포/스릴러|2018|||괴물,소리,가족,생존,공포,긴장
C417|컨저링|영화|공포/오컬트|2013|||귀신,퇴마,가족,실화,공포,저주
C418|애나벨|영화|공포/오컬트|2014|||인형,저주,귀신,오컬트,공포,악마
C419|그것|영화|공포/스릴러|2017|||광대,아이,공포,우정,괴물,성장
C420|샤이닝|영화|공포/스릴러|1980|||호텔,광기,가족,공포,심리,명작
C421|엑소시스트|영화|공포/오컬트|1973|||악마,퇴마,종교,공포,빙의,명작
C422|식스 센스|영화|미스터리/스릴러|1999|||귀신,아이,심리,반전,감동,명작
C423|디 아더스|영화|공포/미스터리|2001|||저택,가족,귀신,반전,공포,미스터리
C424|오펀: 천사의 비밀|영화|공포/스릴러|2009|||입양,아이,가족,비밀,반전,공포
C425|맨 인 블랙|영화|SF/코미디|1997|||외계인,요원,액션,코미디,버디,비밀
C426|고스트버스터즈|영화|판타지/코미디|1984|||유령,퇴마,코미디,팀워크,뉴욕,명작
C427|백 투 더 퓨처|영화|SF/모험|1985|||시간여행,가족,청춘,모험,코미디,명작
C428|쥬라기 공원|영화|SF/모험|1993|||공룡,과학,생존,모험,가족,명작
C429|인디아나 존스: 최후의 성전|영화|모험/액션|1989|||고고학,모험,보물,가족,액션,명작
C430|내셔널 트레져|영화|모험/미스터리|2004|||보물,역사,암호,추리,모험,액션
C431|명탐정 코난|애니시리즈|추리/미스터리|1996|||탐정,살인,추리,미스터리,사건,두뇌
C432|원피스|애니시리즈|모험/판타지|1999|||해적,모험,우정,전투,꿈,세계관
C433|나루토|애니시리즈|액션/판타지|2002|||닌자,성장,우정,전투,꿈,세계관
C434|드래곤볼 Z|애니시리즈|액션/판타지|1989|||전투,성장,우주,가족,액션,명작
C435|슬램덩크|애니시리즈|스포츠/청춘|1993|||농구,청춘,성장,우정,열정,명작
C436|달의 요정 세일러문|애니시리즈|판타지/액션|1992|||마법소녀,우정,사랑,전투,추억,변신
C437|디지몬 어드벤처|애니시리즈|모험/판타지|1999|||디지털세계,모험,우정,성장,몬스터,추억
C438|포켓몬스터|애니시리즈|모험/판타지|1997|||포켓몬,모험,우정,성장,배틀,가족
C439|카드캡터 체리|애니시리즈|판타지/로맨스|1998|||마법소녀,카드,학교,첫사랑,우정,추억
C440|짱구는 못말려|애니시리즈|가족/코미디|1992|||가족,아이,일상,코미디,웃음,추억
C441|도라에몽|애니시리즈|가족/SF|1979|||로봇,아이,가족,모험,우정,상상력
C442|아기공룡 둘리|애니시리즈|가족/코미디|1987|||공룡,가족,일상,코미디,추억,모험
C443|검정고무신|애니시리즈|가족/코미디|1999|||가족,추억,옛날,형제,일상,감동
C444|날아라 슈퍼보드|애니시리즈|판타지/모험|1990|||서유기,모험,판타지,코미디,추억,전투
C445|개구리 중사 케로로|애니시리즈|SF/코미디|2004|||외계인,가족,코미디,일상,패러디,우정
C446|명탐정 코난: 베이커가의 망령|영화|애니/추리|2002|||가상현실,추리,탐정,게임,미스터리,모험
C447|극장판 짱구는 못말려: 어른제국의 역습|영화|애니/가족|2001|||가족,추억,어른,모험,감동,코미디
C448|루팡 3세 칼리오스트로의 성|영화|애니/모험|1979|||도둑,모험,성,액션,로맨스,명작
C449|공각기동대|영화|애니/SF|1995|||사이보그,AI,철학,미래,액션,세계관
C450|아키라|영화|애니/SF|1988|||초능력,미래,도시,액션,디스토피아,명작
C451|놀라운 토요일|예능|음악/버라이어티|2018|||음악,퀴즈,음식,예능,게임,웃음
C452|맛있는 녀석들|예능|먹방/버라이어티|2015|||먹방,맛집,음식,여행,예능,웃음
C453|냉장고를 부탁해|예능|요리/경연|2014|||요리,셰프,냉장고,경연,먹방,레시피
C454|집밥 백선생|예능|요리/정보|2015|||요리,집밥,레시피,백종원,음식,생활
C455|수미네 반찬|예능|요리/관찰|2018|||반찬,한식,요리,가족,레시피,먹방
C456|한끼줍쇼|예능|관찰/버라이어티|2016|||이웃,가족,한끼,동네,예능,휴먼
C457|비정상회담|예능|토크/교양|2014|||세계,문화,토론,외국인,교양,토크
C458|문제적 남자|예능|퀴즈/교양|2015|||퀴즈,두뇌,추리,지식,토크,예능
C459|차이나는 클라스|시사교양|강연/교양|2017|||강연,역사,사회,과학,지식,교양
C460|역사저널 그날|시사교양|역사/토크|2013|||한국사,역사,인물,사건,토론,교양
C461|한국인의 밥상|시사교양|음식/다큐|2011|||한식,지역,여행,가족,전통,다큐
C462|김영철의 동네 한 바퀴|시사교양|여행/휴먼|2018|||동네,여행,사람,음식,휴먼,힐링
C463|걸어서 세계속으로|시사교양|여행/다큐|2005|||해외여행,문화,풍경,역사,다큐,힐링
C464|나는 자연인이다|시사교양|자연/휴먼|2012|||자연,산,귀촌,인생,힐링,생활
C465|극한직업|시사교양|직업/다큐|2008|||직업,현장,장인,노동,사람,다큐
C466|생활의 달인|시사교양|직업/생활|2005|||달인,기술,음식,장인,직업,생활
C467|순간포착 세상에 이런 일이|시사교양|휴먼/관찰|1998|||사람,동물,재능,사연,감동,관찰
C468|TV 동물농장|시사교양|동물/관찰|2001|||동물,반려동물,야생,가족,감동,관찰
C469|동물의 왕국|시사교양|자연/다큐|1969|||야생동물,자연,생태,가족,다큐,환경
C470|생로병사의 비밀|시사교양|건강/다큐|2002|||건강,의학,질병,생활,과학,정보
C471|환경스페셜|시사교양|환경/다큐|1999|||환경,자연,기후,생태,동물,다큐
C472|다큐 인사이트|시사교양|다큐멘터리|2019|||사회,역사,과학,사람,기록,교양
C473|명의|시사교양|의학/다큐|2007|||의사,질병,치료,건강,병원,정보
C474|EBS 다큐프라임|시사교양|교양/다큐|2008|||교육,과학,역사,사회,자연,다큐
C475|다문화 고부열전|시사교양|가족/휴먼|2013|||가족,다문화,세대,갈등,화해,휴먼
C476|슈렉|영화|애니/코미디|2001|||동화,괴물,로맨스,모험,코미디,가족
C477|쿵푸팬더|영화|애니/액션|2008|||쿵푸,성장,스승,액션,코미디,가족
C478|아이스 에이지|영화|애니/모험|2002|||빙하기,동물,모험,가족,우정,코미디
C479|마다가스카|영화|애니/코미디|2005|||동물,동물원,모험,우정,코미디,가족
C480|리오|영화|애니/모험|2011|||새,브라질,음악,모험,가족,코미디
C481|씽|영화|애니/뮤지컬|2016|||음악,오디션,꿈,동물,가족,성장
C482|미니언즈|영화|애니/코미디|2015|||미니언,악당,모험,코미디,가족,웃음
C483|레고 무비|영화|애니/모험|2014|||레고,상상력,모험,가족,코미디,히어로
C484|카|영화|애니/가족|2006|||자동차,성장,우정,마을,모험,가족
C485|인크레더블|영화|애니/히어로|2004|||히어로,가족,액션,성장,코미디,팀워크
C486|겨울왕국 2|영화|애니/뮤지컬|2019|||자매,마법,음악,모험,가족,성장
C487|라푼젤|영화|애니/뮤지컬|2010|||공주,모험,로맨스,음악,가족,성장
C488|미녀와 야수|영화|애니/뮤지컬|1991|||동화,로맨스,마법,음악,가족,명작
C489|알라딘|영화|애니/뮤지컬|1992|||마법,모험,로맨스,음악,가족,동화
C490|라이온 킹|영화|애니/뮤지컬|1994|||가족,왕국,성장,동물,음악,명작
C491|뮬란|영화|애니/모험|1998|||여성서사,전쟁,가족,성장,모험,음악
C492|타잔|영화|애니/모험|1999|||정글,가족,성장,동물,모험,음악
C493|릴로 & 스티치|영화|애니/가족|2002|||가족,외계인,하와이,우정,모험,감동
C494|장화신은 고양이: 끝내주는 모험|영화|애니/모험|2022|||고양이,모험,우정,죽음,성장,가족
C495|엘리멘탈|영화|애니/로맨스|2023|||원소,가족,이민,로맨스,성장,감동
C496|인사이드 아웃 2|영화|애니/가족|2024|||감정,사춘기,성장,가족,불안,우정
C497|슈퍼 마리오 브라더스|영화|애니/모험|2023|||게임,모험,형제,액션,가족,코미디
C498|보스 베이비|영화|애니/코미디|2017|||아기,형제,가족,코미디,모험,성장
C499|메가마인드|영화|애니/코미디|2010|||악당,히어로,코미디,성장,로맨스,가족
C500|클라우스|영화|애니/가족|2019|||크리스마스,우정,선물,가족,감동,겨울
